Employment_Tenure_Months,Net_Salary_Per_Cutoff,Salary_Frequency,Years_at_Current_Address,Household_Head,Number_of_Dependents,Comaker_Employment_Tenure_Months,Comaker_Net_Salary_Per_Cutoff,Is_Renewing_Client,Grace_Period_Usage_Rate,Late_Payment_Count,Had_Special_Consideration,Default
48,18000,Bi-Monthly,15,Yes,2,60,20000,0,0,0,0,0
8,12000,Bi-Monthly,1,No,1,12,13000,0,0,0,0,1
26,25000,Bi-Monthly,3,Yes,0,30,22000,0,0,0,0,0
120,22000,Monthly,25,Yes,3,150,25000,1,0.1,0,0,0
14,14000,Bi-Monthly,0.5,No,3,10,11000,0,0,0,0,1
38,19000,Bi-Monthly,8,Yes,1,40,21000,1,0,0,0,0
15,16000,Monthly,2,No,2,24,18000,0,0,0,0,0
6,11000,Weekly,1,Yes,0,15,12000,0,0,0,0,1
60,35000,Bi-Monthly,12,Yes,2,72,40000,1,0.2,1,0,0
3,14000,Bi-Monthly,0.8,No,1,48,20000,0,0,0,0,1
30,17000,Bi-Monthly,4,Yes,4,25,16000,1,0.8,3,1,1
96,21000,Monthly,20,Yes,1,100,23000,1,0,0,0,0
19,16500,Bi-Monthly,1.5,No,2,24,15000,0,0,0,0,0
22,28000,Bi-Monthly,5,Yes,0,24,30000,1,0.3,1,0,0
25,17500,Bi-Monthly,3,Yes,3,60,22000,1,0.5,2,1,0
39,22000,Bi-Monthly,6.2,Yes,2,45,24000,1,0.1,0,0,0
5,13000,Bi-Monthly,0.8,No,1,19,12000,0,0,0,0,1
78,35000,Monthly,18.5,Yes,3,82,38000,1,0.2,1,0,0
15,16000,Bi-Monthly,2.1,No,2,22,14000,0,0,0,0,0
42,28000,Bi-Monthly,9.3,Yes,1,38,25000,1,0,0,0,0
156,45000,Monthly,22.7,Yes,2,160,50000,1,0.1,0,0,0
8,11000,Bi-Monthly,1.2,No,0,15,10000,0,0,0,0,1
29,18000,Bi-Monthly,3.8,Yes,3,32,17000,0,0,0,0,0
24,19000,Bi-Monthly,2.9,No,2,65,28000,0,0,0,0,0
51,32000,Bi-Monthly,11.4,Yes,1,55,29000,1,0.3,1,0,0
12,14000,Bi-Monthly,1.5,No,1,18,13000,0,0,0,0,1
87,38000,Monthly,19.2,Yes,3,90,42000,1,0,0,0,0
21,17000,Bi-Monthly,2.8,No,2,27,16000,0,0,0,0,0
6,10000,Weekly,0.9,No,0,12,9000,0,0,0,0,1
45,26000,Bi-Monthly,12.6,Yes,2,50,28000,1,0.2,0,0,0
18,17000,Bi-Monthly,2.3,No,1,72,25000,0,0,0,0,0
35,21000,Bi-Monthly,7.8,Yes,4,40,19000,0,0,2,1,0
9,12000,Bi-Monthly,1.1,No,1,14,11000,0,0,0,0,1
114,42000,Monthly,23.5,Yes,2,120,45000,1,0.1,0,0,0
27,19000,Bi-Monthly,3.2,Yes,3,30,18000,0,0,1,0,0
58,33000,Bi-Monthly,13.7,Yes,1,62,31000,1,0.2,1,0,0
16,16000,Bi-Monthly,2.1,No,2,58,22000,0,0,0,0,0
11,13000,Bi-Monthly,1.4,No,0,17,12000,0,0,0,0,1
47,29000,Bi-Monthly,10.8,Yes,2,52,27000,1,0.1,0,0,0
72,34000,Monthly,17.3,Yes,3,78,36000,1,0.2,1,0,0
23,18000,Bi-Monthly,2.9,No,2,28,17000,0,0,0,0,0
4,11000,Bi-Monthly,0.7,No,0,10,10000,0,0,0,0,1
36,24000,Bi-Monthly,8.9,Yes,1,42,26000,1,0,0,0,0
25,18000,Bi-Monthly,3.1,Yes,3,68,26000,0,0,1,0,0
14,15000,Bi-Monthly,1.8,No,2,20,14000,0,0,0,0,1
63,37000,Bi-Monthly,14.2,Yes,2,67,35000,1,0.3,1,0,0
33,21000,Monthly,8.4,Yes,1,38,23000,1,0.1,0,0,0
7,12000,Bi-Monthly,1,No,1,13,11000,0,0,0,0,1
41,27000,Bi-Monthly,9.6,Yes,3,45,25000,1,0.2,0,0,0
89,40000,Monthly,20.1,Yes,2,95,43000,1,0.1,0,0,0
19,16000,Bi-Monthly,2.4,No,2,24,15000,0,0,0,0,0
3,10000,Weekly,0.6,No,0,8,9000,0,0,0,0,1
48,30000,Bi-Monthly,11.3,Yes,1,53,28000,1,0.2,1,0,0
21,17000,Bi-Monthly,2.7,No,2,62,24000,0,0,0,0,0
31,20000,Bi-Monthly,6.8,Yes,4,35,18000,0,0,2,1,0
10,13000,Bi-Monthly,1.3,No,1,16,12000,0,0,0,0,1
105,44000,Monthly,21.9,Yes,3,110,46000,1,0.1,0,0,0
26,19000,Bi-Monthly,3.3,Yes,2,31,17000,0,0,0,0,0
55,34000,Bi-Monthly,12.8,Yes,1,60,32000,1,0.3,1,0,0
17,16000,Bi-Monthly,2.2,No,2,55,21000,0,0,0,0,0
13,14000,Bi-Monthly,1.6,No,1,19,13000,0,0,0,0,1
44,28000,Bi-Monthly,10.1,Yes,2,49,26000,1,0.1,0,0,0
68,33000,Monthly,16.4,Yes,3,72,35000,1,0.2,1,0,0
20,17000,Bi-Monthly,2.5,No,2,25,16000,0,0,0,0,0
2,11000,Bi-Monthly,0.5,No,0,7,10000,0,0,0,0,1
37,25000,Bi-Monthly,8.2,Yes,1,43,27000,1,0,0,0,0
28,19000,Bi-Monthly,3.4,Yes,3,70,27000,0,0,1,0,0
59,35000,Bi-Monthly,13.1,Yes,2,64,33000,1,0.2,1,0,0
16,15000,Bi-Monthly,2,No,2,22,14000,0,0,0,0,1
92,41000,Monthly,19.8,Yes,2,98,44000,1,0.1,0,0,0
24,18000,Bi-Monthly,3,No,2,29,17000,0,0,0,0,0
1,10000,Weekly,0.8,No,0,5,9000,0,0,0,0,1
46,29000,Bi-Monthly,10.7,Yes,1,51,27000,1,0.3,1,0,0
32,20000,Monthly,7.6,Yes,3,37,22000,1,0.1,0,0,0
15,15000,Bi-Monthly,1.9,No,2,21,14000,,,,,
